﻿<gallery>

<props radius="305" pxspace="20" picwidth="410" picheight="308"  />

<col>

<tile>

<thumb>Small1_1.jpg</thumb>

<pic>Pic1_1.jpg</pic>

<cap>URI Events - Image 1_1</cap>

</tile>

<tile>

<thumb>Small1_2.jpg</thumb>

<pic>Pic1_2.jpg</pic>

<cap>URI Events - Image 1_2</cap>

</tile>

<tile>

<thumb>Small1_3.jpg</thumb>

<pic>Pic1_3.jpg</pic>

<cap>URI Events - Image 1_3</cap>

</tile>

<tile>

<thumb>Small1_4.jpg</thumb>

<pic>Pic1_4.jpg</pic>

<cap>URI Events - Image 1_4</cap>

</tile>

</col>


<col>

<tile>

<thumb>Small2_1.jpg</thumb>

<pic>Pic2_1.jpg</pic>

<cap>URI Events - Image 2_1</cap>

</tile>

<tile>

<thumb>Small2_2.jpg</thumb>

<pic>Pic2_2.jpg</pic>

<cap>URI Events - Image 2_2</cap>

</tile>

<tile>

<thumb>Small2_3.jpg</thumb>

<pic>Pic2_3.jpg</pic>

<cap>URI Events - Image 2_3</cap>

</tile>

<tile>

<thumb>Small2_4.jpg</thumb>

<pic>Pic2_4.jpg</pic>

<cap>URI Events - Image 2_4</cap>

</tile>

</col>


<col>

<tile>

<thumb>Small3_1.jpg</thumb>

<pic>Pic3_1.jpg</pic>

<cap>URI Events - Image 3_1</cap>

</tile>

<tile>

<thumb>Small3_2.jpg</thumb>

<pic>Pic3_2.jpg</pic>

<cap>URI Events - Image 3_2</cap>

</tile>

<tile>

<thumb>Small3_3.jpg</thumb>

<pic>Pic3_3.jpg</pic>

<cap>URI Events - Image 3_3</cap>

</tile>

<tile>

<thumb>Small3_4.jpg</thumb>

<pic>Pic3_4.jpg</pic>

<cap>URI Events - Image 3_4</cap>

</tile>

</col>


<col>

<tile>

<thumb>Small4_1.jpg</thumb>

<pic>Pic4_1.jpg</pic>

<cap>URI Events - Image 4_1</cap>

</tile>

<tile>

<thumb>Small4_2.jpg</thumb>

<pic>Pic4_2.jpg</pic>

<cap>URI Events - Image 4_2</cap>

</tile>

<tile>

<thumb>Small4_3.jpg</thumb>

<pic>Pic4_3.jpg</pic>

<cap>URI Events - Image 4_3</cap>

</tile>

<tile>

<thumb>Small4_4.jpg</thumb>

<pic>Pic4_4.jpg</pic>

<cap>URI Events - Image 4_4</cap>

</tile>

</col>


<col>

<tile>

<thumb>Small5_1.jpg</thumb>

<pic>Pic5_1.jpg</pic>

<cap>URI Events - Image 5_1</cap>

</tile>

<tile>

<thumb>Small5_2.jpg</thumb>

<pic>Pic5_2.jpg</pic>

<cap>URI Events - Image 5_2</cap>

</tile>

<tile>

<thumb>Small5_3.jpg</thumb>

<pic>Pic5_3.jpg</pic>

<cap>URI Events - Image 5_3</cap>

</tile>

<tile>

<thumb>Small5_4.jpg</thumb>

<pic>Pic5_4.jpg</pic>

<cap>URI Events - Image 5_4</cap>

</tile>

</col>


<col>

<tile>

<thumb>Small6_1.jpg</thumb>

<pic>Pic6_1.jpg</pic>

<cap>URI Events - Image 6_1</cap>

</tile>

<tile>

<thumb>Small6_2.jpg</thumb>

<pic>Pic6_2.jpg</pic>

<cap>URI Events - Image 6_2</cap>

</tile>

<tile>

<thumb>Small6_3.jpg</thumb>

<pic>Pic6_3.jpg</pic>

<cap>URI Events - Image 6_3</cap>

</tile>

<tile>

<thumb>Small6_4.jpg</thumb>

<pic>Pic6_4.jpg</pic>

<cap>URI Events - Image 6_4</cap>

</tile>

</col>


<col>

<tile>

<thumb>Small7_1.jpg</thumb>

<pic>Pic7_1.jpg</pic>

<cap>URI Events - Image 7_1</cap>

</tile>

<tile>

<thumb>Small7_2.jpg</thumb>

<pic>Pic7_2.jpg</pic>

<cap>URI Events - Image 7_2</cap>

</tile>

<tile>

<thumb>Small7_3.jpg</thumb>

<pic>Pic7_3.jpg</pic>

<cap>URI Events - Image 7_3</cap>

</tile>

<tile>

<thumb>Small7_4.jpg</thumb>

<pic>Pic7_4.jpg</pic>

<cap>URI Events - Image 7_4</cap>

</tile>

</col>

<col>

<tile>

<thumb>Small8_1.jpg</thumb>

<pic>Pic8_1.jpg</pic>

<cap>URI Events - Image 8_1</cap>

</tile>

<tile>

<thumb>Small8_2.jpg</thumb>

<pic>Pic8_2.jpg</pic>

<cap>URI Events - Image 8_2</cap>

</tile>

<tile>

<thumb>Small8_3.jpg</thumb>

<pic>Pic8_3.jpg</pic>

<cap>URI Events - Image 8_3</cap>

</tile>

<tile>

<thumb>Small8_4.jpg</thumb>

<pic>Pic8_4.jpg</pic>

<cap>URI Events - Image 8_4</cap>

</tile>

</col>

<col>

<tile>

<thumb>Small9_1.jpg</thumb>

<pic>Pic9_1.jpg</pic>

<cap>URI Events - Image 9_1</cap>

</tile>

<tile>

<thumb>Small9_2.jpg</thumb>

<pic>Pic9_2.jpg</pic>

<cap>URI Events - Image 9_2</cap>

</tile>

<tile>

<thumb>Small9_3.jpg</thumb>

<pic>Pic9_3.jpg</pic>

<cap>URI Events - Image 9_3</cap>

</tile>

<tile>

<thumb>Small9_4.jpg</thumb>

<pic>Pic9_4.jpg</pic>

<cap>URI Events - Image 9_4</cap>

</tile>

</col>

<col>

<tile>

<thumb>Small10_1.jpg</thumb>

<pic>Pic10_1.jpg</pic>

<cap>URI Events - Image 10_1</cap>

</tile>

<tile>

<thumb>Small10_2.jpg</thumb>

<pic>Pic10_2.jpg</pic>

<cap>URI Events - Image 10_2</cap>

</tile>

<tile>

<thumb>Small10_3.jpg</thumb>

<pic>Pic10_3.jpg</pic>

<cap>URI Events - Image 10_3</cap>

</tile>

<tile>

<thumb>Small10_4.jpg</thumb>

<pic>Pic10_4.jpg</pic>

<cap>URI Events - Image 10_4</cap>

</tile>

</col>

<col>

<tile>

<thumb>Small11_1.jpg</thumb>

<pic>Pic11_1.jpg</pic>

<cap>URI Events - Image 11_1</cap>

</tile>

<tile>

<thumb>Small11_2.jpg</thumb>

<pic>Pic11_2.jpg</pic>

<cap>URI Events - Image 11_2</cap>

</tile>

<tile>

<thumb>Small11_3.jpg</thumb>

<pic>Pic11_3.jpg</pic>

<cap>URI Events - Image 11_3</cap>

</tile>

<tile>

<thumb>Small11_4.jpg</thumb>

<pic>Pic11_4.jpg</pic>

<cap>URI Events - Image 11_4</cap>

</tile>

</col>

<col>

<tile>

<thumb>Small12_1.jpg</thumb>

<pic>Pic12_1.jpg</pic>

<cap>URI Events - Image 12_1</cap>

</tile>

<tile>

<thumb>Small12_2.jpg</thumb>

<pic>Pic12_2.jpg</pic>

<cap>URI Events - Image 12_2</cap>

</tile>

<tile>

<thumb>Small12_3.jpg</thumb>

<pic>Pic12_3.jpg</pic>

<cap>URI Events - Image 12_3</cap>

</tile>

<tile>

<thumb>Small12_4.jpg</thumb>

<pic>Pic12_4.jpg</pic>

<cap>URI Events - Image 12_4</cap>

</tile>

</col>

<col>

<tile>

<thumb>Small13_1.jpg</thumb>

<pic>Pic13_1.jpg</pic>

<cap>URI Events - Image 13_1</cap>

</tile>

<tile>

<thumb>Small13_2.jpg</thumb>

<pic>Pic13_2.jpg</pic>

<cap>URI Events - Image 13_2</cap>

</tile>

<tile>

<thumb>Small13_3.jpg</thumb>

<pic>Pic13_3.jpg</pic>

<cap>URI Events - Image 13_3</cap>

</tile>

<tile>

<thumb>Small13_4.jpg</thumb>

<pic>Pic13_4.jpg</pic>

<cap>URI Events - Image 13_4</cap>

</tile>

</col>

<col>

<tile>

<thumb>Small14_1.jpg</thumb>

<pic>Pic14_1.jpg</pic>

<cap>URI Events - Image 14_1</cap>

</tile>

<tile>

<thumb>Small14_2.jpg</thumb>

<pic>Pic14_2.jpg</pic>

<cap>URI Events - Image 14_2</cap>

</tile>

<tile>

<thumb>Small14_3.jpg</thumb>

<pic>Pic14_3.jpg</pic>

<cap>URI Events - Image 14_3</cap>

</tile>

<tile>

<thumb>Small14_4.jpg</thumb>

<pic>Pic14_4.jpg</pic>

<cap>URI Events - Image 14_4</cap>

</tile>

</col>

<col>

<tile>

<thumb>Small15_1.jpg</thumb>

<pic>Pic15_1.jpg</pic>

<cap>URI Events - Image 15_1</cap>

</tile>

<tile>

<thumb>Small15_2.jpg</thumb>

<pic>Pic15_2.jpg</pic>

<cap>URI Events - Image 15_2</cap>

</tile>

<tile>

<thumb>Small15_3.jpg</thumb>

<pic>Pic15_3.jpg</pic>

<cap>URI Events - Image 15_3</cap>

</tile>

<tile>

<thumb>Small15_4.jpg</thumb>

<pic>Pic15_4.jpg</pic>

<cap>URI Events - Image 15_4</cap>

</tile>

</col>

<col>

<tile>

<thumb>Small16_1.jpg</thumb>

<pic>Pic16_1.jpg</pic>

<cap>URI Events - Image 16_1</cap>

</tile>

<tile>

<thumb>Small16_2.jpg</thumb>

<pic>Pic16_2.jpg</pic>

<cap>URI Events - Image 16_2</cap>

</tile>

<tile>

<thumb>Small16_3.jpg</thumb>

<pic>Pic16_3.jpg</pic>

<cap>URI Events - Image 16_3</cap>

</tile>

<tile>

<thumb>Small16_4.jpg</thumb>

<pic>Pic16_4.jpg</pic>

<cap>URI Events - Image 16_4</cap>

</tile>

</col>


</gallery>