<gallery>

<tile>

<thumb>YellowstonePics/Image1_thumbnail.jpg</thumb>

<pic>YellowstonePics/Image1.jpg</pic>

<cap>Yellowstone - Image 1</cap>

</tile>

<tile>

<thumb>YellowstonePics/Image2_thumbnail.jpg</thumb>

<pic>YellowstonePics/Image2.jpg</pic>

<cap>Yellowstone - Image 2</cap>

</tile>

<tile>

<thumb>YellowstonePics/Image3_thumbnail.jpg</thumb>

<pic>YellowstonePics/Image3.jpg</pic>

<cap>Yellowstone - Image 3</cap>

</tile><tile>

<thumb>YellowstonePics/Image4_thumbnail.jpg</thumb>

<pic>YellowstonePics/Image4.jpg</pic>

<cap>Yellowstone - Image 4</cap>

</tile><tile>

<thumb>YellowstonePics/Image5_thumbnail.jpg</thumb>

<pic>YellowstonePics/Image5.jpg</pic>

<cap>Yellowstone - Image 5</cap>

</tile><tile>

<thumb>YellowstonePics/Image6_thumbnail.jpg</thumb>

<pic>YellowstonePics/Image6.jpg</pic>

<cap>Yellowstone - Image 6</cap>

</tile><tile>

<thumb>YellowstonePics/Image7_thumbnail.jpg</thumb>

<pic>YellowstonePics/Image7.jpg</pic>

<cap>Yellowstone - Image 7</cap>

</tile><tile>

<thumb>YellowstonePics/Image8_thumbnail.jpg</thumb>

<pic>YellowstonePics/Image8.jpg</pic>

<cap>Yellowstone - Image 8</cap>

</tile><tile>

<thumb>YellowstonePics/Image9_thumbnail.jpg</thumb>

<pic>YellowstonePics/Image9.jpg</pic>

<cap>Yellowstone - Image 9</cap>

</tile><tile>

<thumb>YellowstonePics/Image10_thumbnail.jpg</thumb>

<pic>YellowstonePics/Image10.jpg</pic>

<cap>Yellowstone - Image 10</cap>

</tile><tile>

<thumb>YellowstonePics/Image11_thumbnail.jpg</thumb>

<pic>YellowstonePics/Image11.jpg</pic>

<cap>Yellowstone - Image 11</cap>

</tile><tile>

<thumb>YellowstonePics/Image12_thumbnail.jpg</thumb>

<pic>YellowstonePics/Image12.jpg</pic>

<cap>Yellowstone - Image 12</cap>

</tile><tile>

<thumb>YellowstonePics/Image13_thumbnail.jpg</thumb>

<pic>YellowstonePics/Image13.jpg</pic>

<cap>Yellowstone - Image 13</cap>

</tile><tile>

<thumb>YellowstonePics/Image14_thumbnail.jpg</thumb>

<pic>YellowstonePics/Image14.jpg</pic>

<cap>Yellowstone - Image 14</cap>

</tile><tile>

<thumb>YellowstonePics/Image15_thumbnail.jpg</thumb>

<pic>YellowstonePics/Image15.jpg</pic>

<cap>Yellowstone - Image 15</cap>

</tile><tile>

<thumb>YellowstonePics/Image16_thumbnail.jpg</thumb>

<pic>YellowstonePics/Image16.jpg</pic>

<cap>Yellowstone - Image 16</cap>

</tile><tile>

<thumb>YellowstonePics/Image17_thumbnail.jpg</thumb>

<pic>YellowstonePics/Image17.jpg</pic>

<cap>Yellowstone - Image 17</cap>

</tile><tile>

<thumb>YellowstonePics/Image18_thumbnail.jpg</thumb>

<pic>YellowstonePics/Image18.jpg</pic>

<cap>Yellowstone - Image 18</cap>

</tile><tile>

<thumb>YellowstonePics/Image19_thumbnail.jpg</thumb>

<pic>YellowstonePics/Image19.jpg</pic>

<cap>Yellowstone - Image 19</cap>

</tile><tile>

<thumb>YellowstonePics/Image20_thumbnail.jpg</thumb>

<pic>YellowstonePics/Image20.jpg</pic>

<cap>Yellowstone - Image 20</cap>

</tile>

<tile>

<thumb>YellowstonePics/Image21_thumbnail.jpg</thumb>

<pic>YellowstonePics/Image21.jpg</pic>

<cap>Yellowstone - Image 21</cap>

</tile><tile>

<thumb>YellowstonePics/Image22_thumbnail.jpg</thumb>

<pic>YellowstonePics/Image22.jpg</pic>

<cap>Yellowstone - Image 22</cap>

</tile>

<tile>

<thumb>YellowstonePics/Image23_thumbnail.jpg</thumb>

<pic>YellowstonePics/Image23.jpg</pic>

<cap>Yellowstone - Image 23</cap>

</tile><tile>

<thumb>YellowstonePics/Image24_thumbnail.jpg</thumb>

<pic>YellowstonePics/Image24.jpg</pic>

<cap>Yellowstone - Image 24</cap>

</tile><tile>

<thumb>YellowstonePics/Image25_thumbnail.jpg</thumb>

<pic>YellowstonePics/Image25.jpg</pic>

<cap>Yellowstone - Image 25</cap>

</tile><tile>

<thumb>YellowstonePics/Image26_thumbnail.jpg</thumb>

<pic>YellowstonePics/Image26.jpg</pic>

<cap>Yellowstone - Image 26</cap>

</tile><tile>

<thumb>YellowstonePics/Image27_thumbnail.jpg</thumb>

<pic>YellowstonePics/Image27.jpg</pic>

<cap>Yellowstone - Image 27</cap>

</tile><tile>

<thumb>YellowstonePics/Image28_thumbnail.jpg</thumb>

<pic>YellowstonePics/Image28.jpg</pic>

<cap>Yellowstone - Image 28</cap>

</tile><tile>

<thumb>YellowstonePics/Image29_thumbnail.jpg</thumb>

<pic>YellowstonePics/Image29.jpg</pic>

<cap>Yellowstone - Image 29</cap>

</tile><tile>

<thumb>YellowstonePics/Image30_thumbnail.jpg</thumb>

<pic>YellowstonePics/Image30.jpg</pic>

<cap>Yellowstone - Image 30</cap>

</tile><tile>

<thumb>YellowstonePics/Image31_thumbnail.jpg</thumb>

<pic>YellowstonePics/Image31.jpg</pic>

<cap>Yellowstone - Image 31</cap>

</tile>

</gallery>